,lang,embedding,accuracy,precision,recall,f1_score
0,en,bert,0.010687022469937801,0.8458015322685242,0.8458015322685242,0.8458015322685242
