,lang,embedding,accuracy,precision,recall,f1_score
0,es,bert,0.04095986858010292,0.8605709671974182,0.8605709671974182,0.8605709671974182
