,lang,embedding,accuracy,precision,recall,f1_score
0,fr,doc2vec,0.1538461595773697,0.8992042541503906,0.8992042541503906,0.8992042541503906
