,lang,embedding,accuracy,precision,recall,f1_score
0,es,doc2vec,0.5212000012397766,0.8324000239372253,0.8324000239372253,0.8324000239372253
