,lang,embedding,accuracy,precision,recall,f1_score
0,en,doc2vec,0.0005089058540761471,0.818320631980896,0.818320631980896,0.818320631980896
