,lang,embedding,accuracy,precision,recall,f1_score
0,en,doc2vec,0.2549618184566498,0.7694656252861023,0.7694656252861023,0.7694656252861023
