,lang,embedding,accuracy,precision,recall,f1_score
0,fr,bert,0.059139784425497055,0.9247311949729919,0.9247311949729919,0.9247311949729919
